#{"t_start": 1769799961.743017, "env_id": "None"}
r,l,t
911.0,20,0.722289
643.0,14,0.904756
929.0,22,1.264702
417.0,7,1.355325
1250.0,36,1.998047
1064.0,23,2.315063
838.0,23,2.630778
565.0,12,2.835341
593.0,16,3.043499
639.0,14,3.216106
1125.0,29,3.714996
1570.0,45,4.6067
576.0,16,4.784689
1261.0,43,5.705575
589.0,15,5.899515
1233.0,28,6.377271
702.0,13,6.584231
564.0,13,6.755559
490.0,11,6.873026
333.0,7,6.966065
747.0,16,7.169093
978.0,37,7.846528
606.0,13,7.993594
976.0,33,8.640553
686.0,21,8.891683
790.0,18,9.108838
734.0,15,9.341739
879.0,21,9.716312
1194.0,34,10.229433
872.0,26,10.611299
1074.0,28,11.019104
1092.0,30,11.49706
915.0,15,11.710132
395.0,12,11.840784
1035.0,26,12.254182
759.0,21,12.57289
853.0,25,12.905407
1034.0,23,13.244423
1320.0,46,14.151729
891.0,23,14.520301
683.0,24,14.81937
624.0,9,14.933767
707.0,13,15.166632
714.0,11,15.331019
675.0,11,15.521596
758.0,12,15.658549
1294.0,37,16.263426
532.0,18,16.487821
595.0,17,16.749172
760.0,21,16.991316
1035.0,20,17.384453
1234.0,25,17.770718
656.0,13,17.935585
1284.0,33,18.531559
911.0,22,18.818792
1494.0,45,19.669166
725.0,10,19.77258
1111.0,23,20.071264
882.0,19,20.314931
772.0,17,20.544492
773.0,18,20.793517
660.0,10,20.902634
749.0,19,21.209168
562.0,12,21.404997
851.0,22,21.78291
629.0,8,21.874127
770.0,17,22.121675
402.0,17,22.324702
586.0,9,22.449851
1004.0,25,22.823394
764.0,13,23.000853
1621.0,46,23.864037
596.0,22,24.21561
818.0,20,24.490134
705.0,24,24.785652
537.0,16,25.00609
986.0,31,25.527207
1558.0,42,26.29761
1196.0,34,26.926136
634.0,23,27.312492
381.0,17,27.523253
533.0,8,27.641109
575.0,8,27.736924
449.0,11,27.87821
729.0,15,28.036483
949.0,26,28.46814
847.0,28,28.985562
766.0,13,29.19061
759.0,18,29.470637
849.0,24,29.821104
1141.0,33,30.498033
822.0,14,30.665048
804.0,28,31.127173
504.0,10,31.258021
700.0,27,31.694233
498.0,15,31.862189
472.0,14,32.031082
471.0,11,32.17029
1339.0,45,35.47452
623.0,9,35.625353
667.0,25,35.98742
733.0,21,36.282672
447.0,12,36.439423
419.0,17,36.666816
738.0,15,36.888752
723.0,20,37.111446
638.0,15,37.281715
500.0,12,37.457828
582.0,11,37.639591
775.0,18,37.878166
527.0,11,38.023773
1364.0,42,38.721943
673.0,9,38.85243
467.0,14,39.06114
890.0,17,39.2733
1146.0,31,39.769374
703.0,11,39.932132
665.0,11,40.071519
484.0,7,40.153386
1523.0,45,41.020338
1263.0,43,42.044865
783.0,28,42.600692
1433.0,44,43.656256
737.0,17,43.960725
840.0,16,44.146384
533.0,13,44.313016
977.0,25,44.703417
641.0,14,44.886928
755.0,32,45.636074
938.0,29,46.165595
469.0,11,46.307899
904.0,27,46.822901
886.0,17,47.082452
663.0,12,47.208014
1017.0,30,47.643742
1196.0,27,48.077876
964.0,25,48.43843
691.0,20,48.711958
1878.0,47,49.797758
869.0,16,49.980467
319.0,7,50.0951
1218.0,40,50.88298
828.0,30,51.345004
816.0,18,51.64571
781.0,21,52.042492
517.0,18,52.247842
565.0,10,52.362884
568.0,16,52.584719
980.0,33,53.257114
1245.0,36,53.869306
493.0,12,54.03022
645.0,14,54.214301
703.0,13,54.389023
1097.0,34,55.027547
1027.0,23,55.447683
692.0,22,55.718032
577.0,17,55.885119
747.0,15,56.052833
1056.0,25,56.481693
472.0,12,56.62873
1447.0,45,57.568864
726.0,10,57.686163
912.0,28,58.121784
1365.0,46,59.189734
1661.0,46,60.016604
1268.0,29,60.505036
514.0,8,60.629614
1105.0,35,61.209508
653.0,11,61.368548
783.0,20,61.648758
492.0,13,61.810608
879.0,22,62.267786
847.0,23,62.5913
817.0,14,62.780564
518.0,10,62.902214
678.0,12,63.042894
455.0,11,63.172243
623.0,14,63.333465
803.0,17,63.557004
945.0,30,63.968318
996.0,22,64.247179
1549.0,45,65.074965
833.0,23,65.419727
375.0,9,65.528474
657.0,11,65.727411
690.0,26,66.113416
794.0,14,66.27546
713.0,13,66.493378
561.0,12,66.638099
715.0,18,66.899002
959.0,27,67.535329
942.0,22,67.892657
1252.0,31,68.341333
567.0,9,68.508691
671.0,15,70.768232
559.0,9,70.907154
819.0,21,71.229513
732.0,9,71.364469
468.0,15,71.531056
509.0,12,71.689963
883.0,15,71.91258
424.0,9,72.023879
1458.0,41,72.772282
471.0,9,72.883125
1317.0,35,73.539325
828.0,19,73.847453
1121.0,22,74.24224
764.0,17,74.475387
1047.0,28,74.890572
877.0,23,75.22858
665.0,11,75.398078
746.0,18,75.588542
874.0,22,75.878234
1594.0,41,76.70718
654.0,12,76.840277
762.0,12,76.981915
1285.0,46,78.080045
578.0,10,78.178975
710.0,10,78.296665
1157.0,25,78.641362
1055.0,25,79.078678
708.0,19,79.408943
858.0,17,79.624456
1442.0,44,80.535933
806.0,30,81.143477
375.0,7,81.22425
816.0,25,81.585053
404.0,11,81.70901
1431.0,47,82.539082
933.0,17,82.778678
1104.0,34,83.364445
572.0,9,83.495534
930.0,28,83.989303
1039.0,24,84.360939
384.0,12,84.511506
1201.0,33,85.019205
809.0,23,85.390066
1056.0,29,85.959169
1456.0,40,86.695528
768.0,13,86.866142
910.0,24,87.284284
421.0,15,87.452858
763.0,23,87.883687
627.0,15,88.080988
500.0,12,88.211892
960.0,27,88.609045
808.0,21,88.893109
760.0,22,89.216237
1113.0,33,89.802205
614.0,14,89.976401
553.0,12,90.119546
684.0,9,90.258719
657.0,12,90.435184
502.0,24,90.794344
904.0,24,91.117191
626.0,10,91.254234
595.0,13,91.40792
795.0,15,91.640023
405.0,18,91.909701
923.0,18,92.279101
1295.0,38,92.971375
490.0,7,93.076424
871.0,30,93.640699
1018.0,27,94.030736
956.0,21,94.412916
995.0,28,94.839914
609.0,17,95.052348
994.0,23,95.388713
754.0,17,95.657719
1493.0,43,96.516629
421.0,14,96.701479
375.0,9,96.8059
882.0,19,97.128135
826.0,25,97.547042
491.0,14,97.702924
646.0,22,98.036519
1502.0,45,99.045345
378.0,7,99.131027
673.0,15,99.330044
1040.0,30,99.801524
1141.0,32,100.308161
379.0,8,100.416276
1217.0,35,100.978964
1131.0,29,101.418924
661.0,9,101.562368
497.0,14,101.704132
1307.0,44,102.591047
651.0,19,102.926066
565.0,9,103.049892
539.0,8,103.142485
565.0,11,103.317124
1479.0,43,106.239743
758.0,14,106.43749
526.0,8,106.541401
1346.0,39,107.262333
779.0,18,107.525232
890.0,21,107.805384
580.0,14,107.968812
1008.0,26,108.308029
511.0,17,108.524727
840.0,22,108.919486
537.0,13,109.059227
356.0,9,109.170746
383.0,13,109.28764
823.0,24,109.683449
682.0,12,109.817532
1364.0,29,110.272264
714.0,13,110.459088
553.0,8,110.568967
1219.0,33,111.099699
1105.0,30,111.545732
619.0,19,111.842322
910.0,15,112.016876
879.0,31,112.515309
484.0,8,112.619635
807.0,22,112.958139
923.0,22,113.417193
619.0,12,113.569216
482.0,8,113.677199
654.0,12,113.810749
450.0,17,113.998632
1168.0,30,114.457353
1544.0,45,115.426712
861.0,25,115.76964
727.0,13,115.96589
637.0,14,116.164951
1490.0,45,117.06369
1219.0,35,117.69938
700.0,15,117.899664
1075.0,34,118.450559
872.0,21,118.720817
695.0,20,118.970853
792.0,18,119.219556
820.0,24,119.603838
606.0,18,119.855072
1250.0,35,120.513941
724.0,10,120.618715
505.0,11,120.772708
780.0,20,121.078285
623.0,11,121.247499
946.0,21,121.597883
752.0,23,121.892753
740.0,18,122.117034
868.0,25,122.490614
415.0,9,122.595183
1274.0,36,123.260837
1172.0,33,123.86495
790.0,22,124.269657
839.0,21,124.565543
1223.0,39,125.314812
1063.0,29,125.799657
528.0,8,125.902838
523.0,8,126.013254
903.0,22,126.34278
1144.0,32,126.818246
993.0,26,127.222027
1049.0,31,128.008531
430.0,16,128.189126
575.0,8,128.291104
875.0,20,128.677814
888.0,17,128.961157
770.0,23,129.291051
1230.0,34,129.852117
883.0,26,130.296976
798.0,25,130.609679
994.0,17,130.850663
527.0,8,130.963555
1020.0,23,131.307046
1044.0,24,131.639403
959.0,34,132.144945
494.0,18,132.376894
621.0,9,132.516175
1008.0,27,132.891718
566.0,11,133.029146
1033.0,36,133.653151
597.0,23,133.995326
1181.0,27,134.44258
707.0,10,134.562092
616.0,12,134.703131
676.0,15,134.90558
911.0,22,135.325399
761.0,17,135.549205
769.0,18,135.785739
452.0,12,135.924404
640.0,8,136.016706
510.0,18,136.268009
696.0,20,136.577895
630.0,9,136.710166
1528.0,46,137.567897
909.0,24,137.984168
1316.0,42,140.952818
877.0,23,141.371839
1548.0,46,142.335981
659.0,9,142.473268
830.0,16,142.671232
503.0,11,142.800276
609.0,19,143.07106
853.0,24,143.533656
1034.0,28,143.962607
1595.0,46,144.812152
628.0,17,145.050262
1405.0,47,146.068557
662.0,18,146.379204
1061.0,27,146.820296
703.0,14,147.000428
697.0,13,147.160727
380.0,7,147.250857
1197.0,35,147.833104
747.0,24,148.151502
1433.0,44,149.051541
540.0,9,149.174555
693.0,15,149.376559
573.0,10,149.491924
616.0,12,149.616452
679.0,27,150.023243
423.0,8,150.133782
1000.0,24,150.497119
902.0,26,150.895443
642.0,10,151.035345
604.0,12,151.207113
377.0,9,151.319106
745.0,14,151.499516
1511.0,35,152.083337
1201.0,33,152.614991
353.0,7,152.714113
933.0,22,153.163018
702.0,9,153.306209
609.0,12,153.446783
392.0,7,153.535004
578.0,15,153.708715
788.0,15,153.975064
1387.0,43,154.84461
570.0,10,154.956854
844.0,17,155.213415
640.0,16,155.444148
855.0,25,155.855838
787.0,31,156.311328
644.0,25,156.787056
472.0,17,156.964793
776.0,18,157.170315
930.0,23,157.575914
996.0,23,157.930469
1452.0,47,158.802389
517.0,10,158.916206
586.0,16,159.16987
557.0,17,159.372243
1016.0,33,159.922989
758.0,23,160.332903
554.0,18,160.525349
926.0,25,160.942523
574.0,8,161.049363
873.0,16,161.309928
616.0,11,161.479441
1290.0,37,162.230899
1153.0,35,162.913432
712.0,13,163.087327
522.0,15,163.310134
548.0,12,163.434046
1076.0,33,164.05741
510.0,12,164.176203
962.0,27,164.645231
1014.0,27,165.034655
979.0,25,165.432887
625.0,13,165.627051
845.0,32,166.096252
1169.0,32,166.626584
1136.0,24,166.992951
606.0,14,167.166645
359.0,9,167.27807
431.0,16,167.45858
1556.0,46,168.558484
405.0,15,168.714294
871.0,17,168.942583
852.0,24,169.248179
455.0,10,169.377613
613.0,21,169.731731
1111.0,29,170.206908
640.0,9,170.344957
731.0,15,170.558475
750.0,15,170.811158
842.0,21,171.172647
343.0,12,171.308932
1056.0,39,172.050194
798.0,23,172.454404
1155.0,31,172.978021
699.0,23,173.247769
512.0,10,173.373442
959.0,33,176.032244
905.0,28,176.470191
939.0,26,177.002706
905.0,23,177.322808
920.0,25,177.802583
820.0,25,178.145668
411.0,12,178.266406
1237.0,30,178.859337
723.0,17,179.146744
559.0,23,179.454657
1432.0,37,180.064286
1853.0,44,181.081892
1455.0,46,181.972202
1215.0,30,182.532062
451.0,8,182.65498
1200.0,33,183.335057
369.0,8,183.434743
1294.0,42,184.220718
596.0,16,184.385296
672.0,15,184.567265
1376.0,39,185.33075
1483.0,46,186.133204
1100.0,25,186.510683
862.0,24,186.943749
649.0,19,187.190688
629.0,17,187.447053
902.0,20,187.680571
586.0,9,187.800427
1468.0,43,188.720189
370.0,15,188.934742
616.0,8,189.027733
965.0,19,189.326143
785.0,24,189.696972
765.0,19,189.981718
685.0,14,190.191188
779.0,20,190.45794
618.0,15,190.65563
1428.0,41,191.447057
1410.0,41,192.297162
902.0,22,192.630699
571.0,11,192.792913
876.0,28,193.16265
701.0,14,193.353221
1404.0,41,194.282807
1358.0,43,195.332273
874.0,24,195.757531
763.0,9,195.908805
638.0,17,196.124223
910.0,34,196.820616
1422.0,42,197.647568
801.0,18,197.902503
795.0,22,198.290752
782.0,22,198.595451
699.0,22,199.006981
1104.0,31,199.515098
529.0,8,199.631358
1488.0,46,200.611842
852.0,18,200.95282
988.0,34,201.620932
554.0,14,201.7712
783.0,19,202.031105
377.0,7,202.117249
869.0,19,202.434185
812.0,18,202.79342
983.0,30,203.317869
628.0,11,203.504446
1416.0,46,204.42538
568.0,8,204.532866
543.0,18,204.784946
1155.0,30,205.258298
497.0,8,205.361324
506.0,11,205.516504
647.0,16,205.711773
530.0,10,205.871704
553.0,13,206.047135
1666.0,46,207.258657
1205.0,42,208.064468
455.0,16,208.305875
679.0,25,208.652045
667.0,12,208.840703
854.0,28,209.358176
420.0,12,209.517397
864.0,21,209.89285
867.0,22,210.258564
823.0,13,210.472664
991.0,17,210.704396
568.0,9,210.831082
589.0,22,211.1272
660.0,10,213.188335
1536.0,47,214.242776
782.0,19,214.486025
1024.0,21,214.861104
627.0,8,214.973075
986.0,29,215.450931
639.0,14,215.625035
1195.0,26,216.107874
1078.0,21,216.44407
517.0,14,216.596193
938.0,30,217.109823
705.0,11,217.325583
857.0,25,217.748147
997.0,28,218.264385
1348.0,45,219.187365
788.0,25,219.573829
338.0,7,219.668335
1041.0,31,220.139973
1303.0,33,220.748817
1509.0,42,221.698727
770.0,17,221.89001
1031.0,34,222.55524
661.0,17,222.787577
596.0,14,222.98206
1146.0,29,223.695074
1097.0,38,224.657401
947.0,28,225.087682
471.0,8,225.185578
584.0,8,225.28937
582.0,8,225.378652
1299.0,41,226.231218
593.0,12,226.358976
1200.0,33,226.972327
504.0,12,227.118439
1340.0,32,227.798175
544.0,15,228.002934
569.0,12,228.148785
778.0,15,228.369527
1516.0,45,229.22217
927.0,30,229.705483
506.0,11,229.830249
1024.0,26,230.126347
381.0,7,230.222055
539.0,13,230.412737
796.0,21,230.697539
527.0,15,230.878882
1080.0,29,231.367562
1102.0,31,231.883939
457.0,15,232.049988
593.0,17,232.242253
1351.0,38,232.941783
722.0,18,233.195788
686.0,9,233.322777
1146.0,39,234.032922
555.0,19,234.279636
652.0,24,234.641973
1112.0,25,235.046451
560.0,11,235.235018
720.0,15,235.424585
495.0,15,235.620649
963.0,34,236.165104
821.0,24,236.525314
1297.0,41,237.392707
1227.0,37,238.120861
1391.0,40,238.788463
446.0,13,238.943664
705.0,17,239.195315
921.0,18,239.428822
1190.0,30,239.927633
815.0,15,240.180277
699.0,18,240.383832
631.0,10,240.521291
836.0,22,240.870971
674.0,10,240.991362
1208.0,31,241.512243
1277.0,36,242.386636
945.0,23,242.785397
729.0,18,243.040265
1310.0,37,243.59705
530.0,8,243.697016
954.0,23,244.088339
668.0,16,244.352664
590.0,11,244.491251
712.0,11,244.656977
830.0,19,244.990327
883.0,14,245.180146
656.0,19,245.438451
872.0,26,245.843535
367.0,9,245.949645
698.0,15,246.159205
626.0,17,246.387661
675.0,11,246.53792
1148.0,30,247.119522
654.0,13,247.277148
886.0,23,249.57764
476.0,8,249.68426
597.0,13,249.86627
530.0,9,249.991192
752.0,28,250.360961
1264.0,34,250.910817
1061.0,30,251.498242
1696.0,46,252.479547
747.0,13,252.673936
591.0,14,252.868489
541.0,14,253.035535
713.0,24,253.372774
672.0,9,253.573895
1423.0,47,254.644139
990.0,29,255.048796
861.0,15,255.262825
620.0,9,255.404181
691.0,17,255.630696
1323.0,45,256.603846
674.0,12,256.754355
461.0,12,256.878749
619.0,11,257.03911
611.0,16,257.258719
1214.0,31,257.751312
963.0,29,258.257576
990.0,30,258.757407
293.0,10,258.860041
727.0,26,259.297474
560.0,18,259.512511
1199.0,45,260.609789
1668.0,41,261.441149
1318.0,31,261.998486
993.0,21,262.296096
803.0,21,262.60122
562.0,15,262.819547
704.0,15,263.066174
533.0,8,263.171954
1070.0,24,263.672992
647.0,15,263.889476
649.0,21,264.132302
1632.0,47,265.036964
779.0,30,265.440234
645.0,15,265.628898
988.0,32,266.202772
1557.0,34,266.721064
1016.0,25,267.066476
683.0,17,267.330192
1381.0,33,267.910756
577.0,9,268.070906
875.0,22,268.388731
564.0,23,268.740326
752.0,21,269.092211
688.0,15,269.303101
1531.0,42,270.18221
1496.0,46,271.083081
618.0,24,271.411272
812.0,21,271.713856
947.0,28,272.282018
440.0,13,272.427643
665.0,10,272.555883
516.0,11,272.700202
742.0,24,273.126284
1879.0,45,274.064379
625.0,15,274.239982
761.0,21,274.583768
453.0,13,274.729194
646.0,14,274.906434
617.0,18,275.228829
679.0,24,275.625323
1176.0,38,276.238034
1238.0,35,276.875087
762.0,13,277.127558
501.0,12,277.259395
577.0,10,277.386573
407.0,12,277.546973
949.0,31,277.97837
1482.0,44,278.859078
845.0,14,279.023497
1127.0,38,279.650874
1423.0,35,280.321211
1307.0,36,280.86332
718.0,13,281.092325
508.0,11,281.238354
1184.0,36,282.258463
964.0,22,282.605024
1122.0,37,283.237569
493.0,19,283.524798
1132.0,25,285.990343
824.0,16,286.167292
850.0,19,286.442031
1294.0,39,287.294937
487.0,8,287.449564
1357.0,49,288.693559
1343.0,34,289.449201
1017.0,34,290.065568
448.0,12,290.187027
738.0,17,290.440498
1103.0,30,290.966588
804.0,17,291.234002
1535.0,40,291.882657
664.0,18,292.122899
414.0,14,292.297742
710.0,15,292.535584
1228.0,34,293.105438
544.0,21,293.457137
893.0,19,293.791718
675.0,18,293.981461
708.0,14,294.163831
724.0,16,294.344473
517.0,8,294.45028
521.0,18,294.762229
333.0,10,294.887995
1540.0,47,295.829625
904.0,25,296.208752
983.0,24,296.552436
666.0,12,296.684025
931.0,22,297.010916
468.0,11,297.149324
578.0,10,297.260492
389.0,12,297.396593
966.0,23,297.776413
1357.0,34,298.333862
822.0,20,298.654246
522.0,15,298.847957
907.0,21,299.137478
770.0,18,299.414032
731.0,18,299.647312
524.0,10,299.761689
468.0,12,299.903449
413.0,12,300.051349
484.0,15,300.243833
722.0,20,300.508405
1635.0,46,301.480185
520.0,10,301.627828
284.0,11,301.751377
637.0,15,301.965724
843.0,17,302.182486
387.0,8,302.298385
1373.0,42,303.148889
557.0,16,303.307274
1536.0,45,304.344355
993.0,21,304.705527
900.0,25,305.076806
724.0,15,305.27739
617.0,11,305.457565
1265.0,41,306.349377
1034.0,34,306.914897
520.0,15,307.094611
1579.0,43,307.924061
1712.0,44,308.77813
745.0,9,308.957875
735.0,15,309.181584
781.0,29,309.675381
698.0,17,309.909464
1166.0,32,310.392805
620.0,9,310.520826
476.0,11,310.637922
1289.0,32,311.157624
589.0,15,311.340673
972.0,29,311.766272
746.0,21,312.079842
416.0,16,312.320438
596.0,16,312.504302
1150.0,37,313.149783
1475.0,45,314.057264
725.0,16,314.272371
828.0,30,314.738647
1593.0,44,315.615405
488.0,17,315.812286
858.0,17,316.034708
469.0,12,316.17279
582.0,8,316.302692
582.0,20,316.571643
773.0,29,317.183681
424.0,7,317.280895
682.0,17,317.49672
1175.0,28,317.935388
538.0,23,318.321999
1471.0,47,319.270808
1064.0,31,319.834584
719.0,15,322.060938
496.0,13,322.232593
707.0,17,322.487575
417.0,14,322.65284
826.0,21,322.963568
940.0,26,323.401826
1280.0,33,324.045699
381.0,17,324.330203
997.0,30,324.954903
572.0,22,325.221929
499.0,13,325.381638
549.0,13,325.564632
626.0,9,325.706901
615.0,9,325.832149
661.0,12,326.004335
945.0,22,326.424637
1105.0,24,326.780887
1560.0,43,327.754056
1186.0,31,328.37358
941.0,21,328.778792
531.0,8,328.873578
718.0,12,329.031588
888.0,21,329.27487
578.0,16,329.458935
861.0,22,329.826629
433.0,13,329.967251
676.0,9,330.099361
514.0,16,330.28269
483.0,13,330.426944
548.0,15,330.643108
813.0,17,330.925972
1031.0,25,331.317895
384.0,12,331.471021
975.0,21,331.779968
1103.0,37,332.456112
1176.0,36,333.366521
1413.0,47,334.265517
855.0,19,334.529029
1178.0,27,335.043185
1671.0,46,336.042473
983.0,24,336.392005
376.0,14,336.631405
823.0,23,336.951241
737.0,22,337.37789
1055.0,32,337.868406
1490.0,45,338.742706
687.0,19,338.992883
594.0,14,339.21205
701.0,11,339.366502
622.0,15,339.531505
1076.0,45,340.845862
643.0,9,341.00963
796.0,17,341.24951
835.0,16,341.496533
1232.0,37,342.140064
1095.0,35,342.670726
644.0,17,342.888933
1334.0,35,343.462653
1111.0,29,344.141239
1414.0,45,345.151615
638.0,14,345.300754
947.0,26,345.695612
577.0,9,345.843533
497.0,14,345.981589
347.0,11,346.092293
323.0,13,346.24895
717.0,16,346.50842
620.0,18,346.72941
737.0,20,347.062107
927.0,20,347.295787
677.0,21,347.541725
1378.0,35,348.147023
1056.0,23,348.49261
695.0,15,348.713383
655.0,11,348.856142
1351.0,38,349.49394
666.0,11,349.647928
599.0,15,349.856894
418.0,9,349.958321
939.0,32,350.46266
658.0,19,350.675051
461.0,13,350.8301
1618.0,46,351.861444
958.0,19,352.147162
914.0,19,352.461859
1517.0,37,353.275731
693.0,12,353.484061
746.0,22,353.871757
1123.0,29,354.476335
1551.0,44,355.356633
567.0,10,355.515405
1461.0,43,356.413956
662.0,15,356.617313
1066.0,32,359.081724
496.0,15,359.295414
997.0,32,359.847583
883.0,25,360.220692
711.0,19,360.462599
996.0,24,360.908376
769.0,9,361.025177
1193.0,27,361.494271
524.0,12,361.644483
613.0,12,361.7994
388.0,12,361.934235
894.0,23,362.281485
815.0,24,362.612787
764.0,13,362.814466
1461.0,47,363.855129
430.0,9,363.971487
986.0,26,364.435171
619.0,9,364.554577
1395.0,31,365.129688
1376.0,43,365.957823
468.0,13,366.100706
657.0,15,366.266114
435.0,14,366.447047
915.0,19,366.733248
583.0,16,366.941125
927.0,25,367.282464
375.0,12,367.418955
755.0,18,367.647071
988.0,23,367.973248
650.0,18,368.243319
322.0,13,368.397023
819.0,18,368.627564
1490.0,46,369.660548
550.0,18,369.925082
1421.0,42,370.798126
959.0,34,371.324096
1082.0,28,371.752041
1031.0,20,372.083414
421.0,15,372.33595
1039.0,26,372.706942
674.0,19,372.963699
509.0,8,373.070953
888.0,18,373.388073
940.0,21,373.751986
874.0,19,374.076086
1721.0,46,375.001319
590.0,16,375.227807
1634.0,44,375.972331
745.0,16,376.190809
707.0,19,376.416201
854.0,16,376.628448
704.0,14,376.809894
829.0,16,377.014788
1447.0,40,377.932121
1498.0,45,378.814238
1024.0,31,379.382854
837.0,16,379.629845
310.0,8,379.734408
1529.0,40,380.563168
694.0,16,380.760319
675.0,15,380.96582
1101.0,48,381.95723
1345.0,44,382.870397
484.0,13,383.023848
674.0,25,383.465188
912.0,28,384.006907
434.0,9,384.102053
502.0,29,384.582632
818.0,28,385.056231
552.0,12,385.18053
563.0,11,385.32689
570.0,8,385.433459
614.0,16,385.62699
564.0,14,385.878288
1689.0,45,386.957058
832.0,17,387.19728
959.0,26,387.568086
553.0,13,387.751952
375.0,9,387.881644
491.0,14,388.057747
700.0,17,388.277904
666.0,18,388.53717
1172.0,42,389.379613
537.0,8,389.490039
573.0,18,389.705455
668.0,16,390.011382
584.0,14,390.209723
865.0,19,390.490915
786.0,16,390.688607
442.0,8,390.782057
1027.0,24,391.223732
401.0,12,391.335775
1173.0,39,392.131439
782.0,28,392.58375
1059.0,27,395.008145
1067.0,29,395.480868
823.0,16,395.704589
1212.0,36,396.309325
776.0,17,396.610028
750.0,23,396.96894
673.0,10,397.08256
555.0,14,397.230961
719.0,22,397.549942
915.0,29,398.145836
598.0,19,398.392213
1298.0,31,398.962996
1172.0,31,399.531091
807.0,31,400.034357
765.0,14,400.206725
871.0,20,400.490377
503.0,15,400.7039
463.0,17,400.924868
695.0,12,401.065634
674.0,15,401.276188
681.0,9,401.409071
595.0,15,401.60498
523.0,11,401.745977
1151.0,33,402.233951
789.0,27,402.643879
879.0,28,403.08942
477.0,13,403.231077
280.0,11,403.364239
726.0,19,403.592394
702.0,14,403.79403
671.0,15,404.016046
866.0,19,404.327335
715.0,20,404.644269
844.0,21,404.965854
1353.0,39,405.759211
695.0,14,405.954492
1585.0,47,406.957407
374.0,8,407.078892
920.0,19,407.387302
915.0,26,407.769003
425.0,7,407.861665
830.0,20,408.168912
635.0,19,408.437753
1095.0,33,408.932579
922.0,19,409.226737
1410.0,41,409.905402
713.0,23,410.281974
1335.0,38,410.890727
1463.0,48,412.157106
683.0,23,412.454966
459.0,12,412.582624
774.0,11,412.758699
724.0,22,413.133229
578.0,16,413.332208
649.0,14,413.557523
1452.0,48,414.648846
379.0,7,414.74026
663.0,12,414.880169
1109.0,23,415.227064
639.0,14,415.422346
564.0,17,415.637314
1348.0,41,416.415081
704.0,17,416.67135
1059.0,31,417.26023
628.0,8,417.379839
714.0,12,417.539257
1034.0,31,418.112517
843.0,17,418.402984
1619.0,44,419.320953
842.0,26,419.721337
1264.0,32,420.246873
649.0,24,420.599502
674.0,18,420.816369
670.0,15,421.013962
973.0,22,421.444252
738.0,15,421.652284
786.0,18,421.881437
773.0,15,422.063336
453.0,12,422.20229
758.0,25,422.593162
405.0,15,422.798435
1051.0,26,423.195996
456.0,9,423.310427
1550.0,46,424.187596
1559.0,42,425.089868
379.0,8,425.184173
1380.0,40,425.91432
744.0,22,426.233415
483.0,13,426.403453
458.0,11,426.535113
1423.0,36,427.009249
565.0,12,427.173481
1469.0,43,428.117877
611.0,12,428.254749
626.0,11,430.431881
725.0,16,430.711485
804.0,14,430.916075
971.0,24,431.272406
564.0,8,431.387641
1153.0,33,432.022534
959.0,29,432.467551
937.0,27,432.845798
617.0,18,433.065703
838.0,15,433.340916
619.0,23,433.679162
345.0,14,433.844107
1384.0,45,434.755837
1496.0,46,435.674823
452.0,14,435.856666
684.0,16,436.085036
848.0,21,436.403956
511.0,17,436.580489
980.0,32,437.092186
717.0,13,437.262796
1136.0,28,437.716548
840.0,24,438.108849
1334.0,40,438.796977
709.0,17,439.041893
1398.0,43,439.961754
1063.0,26,440.58212
806.0,21,440.97973
996.0,26,441.437046
647.0,14,441.632805
387.0,12,441.778746
1299.0,38,442.567343
1109.0,28,443.046004
691.0,20,443.408936
556.0,11,443.589779
487.0,13,443.763154
674.0,11,443.920545
681.0,15,444.135306
879.0,29,444.521127
1601.0,47,445.468944
355.0,11,445.594911
672.0,10,445.718053
726.0,18,446.024246
1272.0,46,447.175799
612.0,13,447.346982
796.0,27,447.811391
1444.0,46,448.73102
565.0,12,448.85944
525.0,15,449.023038
1330.0,33,449.599061
758.0,13,449.802365
506.0,12,449.997335
782.0,14,450.213864
866.0,22,450.588707
1419.0,43,451.500823
1082.0,28,451.967263
825.0,29,452.464111
1421.0,41,453.417395
1014.0,23,453.858623
734.0,15,454.114431
1257.0,34,454.703994
965.0,27,455.164643
980.0,22,455.448755
1144.0,27,455.926403
587.0,8,456.025754
561.0,10,456.147034
736.0,23,456.42014
636.0,18,456.619619
1009.0,23,456.996452
799.0,13,457.184996
374.0,7,457.295497
623.0,9,457.466742
727.0,22,457.771488
800.0,13,457.972087
616.0,9,458.1179
626.0,9,458.275981
1064.0,29,458.797462
767.0,19,459.007151
873.0,18,459.324056
641.0,20,459.590824
561.0,11,459.728225
422.0,13,459.928891
661.0,14,460.145734
661.0,12,460.278647
559.0,10,460.393909
541.0,15,460.589127
526.0,8,460.701595
1147.0,32,461.214917
623.0,11,461.403969
400.0,15,461.599154
1048.0,28,462.057163
1256.0,33,462.526041
534.0,16,462.723788
487.0,13,462.859015
1030.0,26,463.262889
1282.0,41,464.052428
776.0,13,464.236356
976.0,25,466.648479
968.0,27,467.04993
374.0,14,467.202192
776.0,22,467.510604
434.0,9,467.646735
648.0,11,467.800261
495.0,13,467.928353
461.0,13,468.061559
881.0,19,468.344583
1295.0,37,469.289918
637.0,15,469.510746
1093.0,28,470.028635
946.0,26,470.357889
1294.0,46,471.263674
480.0,13,471.445599
576.0,19,471.790803
567.0,8,471.902308
249.0,15,472.077219
924.0,25,472.501543
1057.0,34,473.062582
304.0,15,473.218672
1068.0,30,473.645335
578.0,9,473.790052
1269.0,36,474.69772
768.0,27,475.170393
712.0,13,475.393813
313.0,14,475.562966
758.0,18,475.808666
747.0,17,476.067512
730.0,9,476.224449
885.0,23,476.598902
769.0,16,476.873817
537.0,8,476.99394
603.0,10,477.118517
1168.0,33,477.636745
858.0,20,477.911026
484.0,7,478.003281
740.0,17,478.242706
1190.0,35,478.770729
1554.0,46,479.814145
364.0,15,479.961445
466.0,16,480.186069
517.0,15,480.375191
1354.0,37,481.066766
870.0,20,481.39809
1304.0,28,481.860921
1112.0,26,482.345031
380.0,7,482.442099
1401.0,45,483.392636
792.0,15,483.605308
913.0,22,483.890558
834.0,18,484.127789
507.0,13,484.291191
651.0,18,484.590599
694.0,17,484.824392
927.0,20,485.206625
1134.0,33,485.734944
1349.0,37,486.387311
565.0,16,486.580123
989.0,24,486.86246
590.0,15,487.052896
826.0,18,487.32069
380.0,8,487.422551
583.0,19,487.73958
1111.0,45,488.575951
1335.0,48,489.696748
1092.0,23,490.096849
669.0,24,490.466956
708.0,21,490.772654
855.0,23,491.098312
1098.0,28,491.629747
735.0,14,491.830206
605.0,11,491.977585
766.0,20,492.245543
696.0,15,492.491316
1213.0,25,492.926018
1366.0,43,493.823677
862.0,21,494.117969
846.0,18,494.38245
899.0,19,494.640291
671.0,9,494.78885
530.0,10,494.907543
937.0,25,495.254485
652.0,9,495.385954
751.0,14,495.569495
1278.0,35,496.205005
1150.0,32,496.669012
650.0,19,496.948159
1234.0,34,497.523303
381.0,8,497.622144
1543.0,44,498.521333
970.0,21,498.920808
577.0,8,499.012146
681.0,18,499.261736
1014.0,37,499.986516
656.0,10,500.10029
367.0,13,502.20639
413.0,8,502.305293
1164.0,33,502.852045
454.0,12,503.007386
650.0,14,503.213961
1079.0,27,503.638867
867.0,20,503.90352
627.0,15,504.093488
1453.0,45,505.026024
578.0,18,505.219144
602.0,14,505.404129
438.0,15,505.56403
1324.0,37,506.269982
785.0,18,506.53757
501.0,13,506.680319
1022.0,22,506.95645
949.0,22,507.253008
765.0,13,507.411937
634.0,19,507.661939
1159.0,45,508.713535
540.0,17,508.913797
1037.0,27,509.371583
601.0,16,509.566478
1102.0,29,510.109523
622.0,16,510.36447
559.0,16,510.626736
941.0,30,511.192048
968.0,26,511.631986
681.0,17,511.864907
1417.0,40,512.600222
639.0,14,512.815112
475.0,11,512.952476
1043.0,34,513.476673
455.0,17,513.748409
1127.0,40,514.441744
768.0,21,514.71844
530.0,8,514.838553
388.0,7,514.930749
1261.0,38,515.633897
273.0,16,515.839342
473.0,10,515.970201
683.0,15,516.149353
629.0,9,516.284956
537.0,14,516.477989
1119.0,29,517.019433
1469.0,45,517.881409
518.0,10,517.988337
932.0,32,518.548533
1113.0,32,519.19838
687.0,20,519.474801
877.0,25,519.89928
1264.0,43,520.997987
881.0,19,521.326464
316.0,13,521.464833
542.0,13,521.663323
839.0,18,521.864668
1080.0,26,522.236871
572.0,9,522.381765
668.0,17,522.61422
565.0,12,522.731657
1154.0,30,523.272276
1325.0,39,524.063403
841.0,15,524.313549
844.0,17,524.562704
641.0,14,524.743663
573.0,9,524.905953
675.0,9,525.053417
719.0,23,525.391146
580.0,9,525.565388
1450.0,45,526.525119
465.0,11,526.665616
627.0,10,526.791175
1189.0,34,527.540456
1530.0,45,528.508873
1076.0,32,529.14616
800.0,20,529.550083
924.0,34,530.280452
1046.0,35,530.874018
637.0,13,531.061252
845.0,24,531.411034
487.0,8,531.510631
741.0,20,531.776465
699.0,14,531.940481
573.0,15,532.105393
579.0,9,532.271099
511.0,15,532.488133
1107.0,37,533.205682
367.0,7,533.303014
413.0,11,533.436632
689.0,20,533.77838
991.0,26,534.291679
552.0,14,534.485106
812.0,19,534.738525
677.0,16,534.947414
825.0,24,535.345193
1637.0,48,536.265969
979.0,31,538.778988
468.0,10,538.892168
1014.0,29,539.407676
1041.0,29,539.913028
644.0,24,540.312762
483.0,8,540.410483
826.0,22,540.805994
1524.0,46,541.875508
765.0,18,542.109843
581.0,9,542.254908
1164.0,28,542.748247
492.0,13,542.900463
727.0,19,543.234254
412.0,12,543.392871
1210.0,39,544.196947
1222.0,36,544.841359
596.0,11,544.991673
1214.0,39,545.756645
1119.0,27,546.192774
1237.0,31,546.686947
575.0,17,546.907089
670.0,9,547.036972
1478.0,39,547.744746
476.0,14,547.900136
1487.0,43,548.751837
769.0,22,549.142644
1224.0,28,549.54344
382.0,7,549.64267
1057.0,21,549.945171
725.0,9,550.074132
457.0,10,550.228608
578.0,9,550.355583
945.0,24,550.747241
1410.0,40,551.666789
1145.0,33,552.365176
678.0,15,552.565256
733.0,17,552.853777
808.0,20,553.162229
870.0,18,553.404547
703.0,9,553.567775
614.0,9,553.701186
1059.0,32,554.193715
1017.0,30,554.636685
383.0,13,554.792598
1270.0,42,555.733036
690.0,16,555.936926
1662.0,47,556.850069
686.0,24,557.250705
1002.0,21,557.570971
700.0,16,557.773176
668.0,11,557.945802
613.0,18,558.227321
666.0,11,558.400688
616.0,22,558.791184
477.0,16,558.95983
563.0,10,559.075169
1070.0,31,559.639043
1055.0,35,560.347032
692.0,9,560.479765
